" ""9"" "," ""http://www.edsa-project.eu/jobposting/Statistics"" "
" ""16"" "," ""http://www.edsa-project.eu/jobposting/BigData"" "
" ""224"" "," ""http://www.edsa-project.eu/jobposting/Design"" "
" ""410"" "," ""http://www.edsa-project.eu/jobposting/Finance"" "
" ""20"" "," ""http://www.edsa-project.eu/jobposting/CustomerSupport"" "
" ""3"" "," ""http://www.edsa-project.eu/jobposting/Networking"" "
" ""144"" "," ""http://www.edsa-project.eu/jobposting/SAS"" "
" ""32"" "," ""http://www.edsa-project.eu/jobposting/Assurance"" "
" ""51"" "," ""http://www.edsa-project.eu/jobposting/Monitoring"" "
" ""5"" "," ""http://www.edsa-project.eu/jobposting/UX"" "
" ""1"" "," ""http://www.edsa-project.eu/jobposting/BusinessAnalytic"" "
" ""10"" "," ""http://www.edsa-project.eu/jobposting/Hadoop"" "
" ""1"" "," ""http://www.edsa-project.eu/jobposting/Pig"" "
" ""18"" "," ""http://www.edsa-project.eu/jobposting/Developer"" "
" ""3"" "," ""http://www.edsa-project.eu/jobposting/HTML"" "
" ""795"" "," ""http://www.edsa-project.eu/jobposting/Analysis"" "
" ""8"" "," ""http://www.edsa-project.eu/jobposting/JavaScript"" "
" ""68"" "," ""http://www.edsa-project.eu/jobposting/CRM"" "
" ""219"" "," ""http://www.edsa-project.eu/jobposting/Analytics"" "
" ""1"" "," ""http://www.edsa-project.eu/jobposting/LeSS"" "
" ""9"" "," ""http://www.edsa-project.eu/jobposting/Architect"" "
" ""188"" "," ""http://www.edsa-project.eu/jobposting/Analytic"" "
" ""40"" "," ""http://www.edsa-project.eu/jobposting/C"" "
" ""728"" "," ""http://www.edsa-project.eu/jobposting/Development"" "
" ""12"" "," ""http://www.edsa-project.eu/jobposting/GO"" "
" ""12"" "," ""http://www.edsa-project.eu/jobposting/Windows"" "
" ""1"" "," ""http://www.edsa-project.eu/jobposting/Visio"" "
" ""100"" "," ""http://www.edsa-project.eu/jobposting/Excel"" "
" ""8"" "," ""http://www.edsa-project.eu/jobposting/Scrum"" "
" ""14"" "," ""http://www.edsa-project.eu/jobposting/Oracle"" "
" ""30"" "," ""http://www.edsa-project.eu/jobposting/ProjectManagement"" "
" ""39"" "," ""http://www.edsa-project.eu/jobposting/Database"" "
" ""6"" "," ""http://www.edsa-project.eu/jobposting/StatisticalAnalysis"" "
" ""2450"" "," ""http://www.edsa-project.eu/jobposting/Analyst"" "
" ""4"" "," ""http://www.edsa-project.eu/jobposting/MATLAB"" "
" ""6"" "," ""http://www.edsa-project.eu/jobposting/BusinessObjects"" "
" ""81"" "," ""http://www.edsa-project.eu/jobposting/Network"" "
" ""12"" "," ""http://www.edsa-project.eu/jobposting/Python"" "
" ""1"" "," ""http://www.edsa-project.eu/jobposting/Prototype"" "
" ""9"" "," ""http://www.edsa-project.eu/jobposting/DataWarehouse"" "
" ""315"" "," ""http://www.edsa-project.eu/jobposting/Reporting"" "
" ""1"" "," ""http://www.edsa-project.eu/jobposting/Indexing"" "
" ""10"" "," ""http://www.edsa-project.eu/jobposting/Programming"" "
" ""108"" "," ""http://www.edsa-project.eu/jobposting/SQL"" "
" ""2"" "," ""http://www.edsa-project.eu/jobposting/CVS"" "
" ""116"" "," ""http://www.edsa-project.eu/jobposting/R"" "
" ""1"" "," ""http://www.edsa-project.eu/jobposting/VersionControl"" "
" ""1"" "," ""http://www.edsa-project.eu/jobposting/Hive"" "
" ""6"" "," ""http://www.edsa-project.eu/jobposting/VBA"" "
" ""12"" "," ""http://www.edsa-project.eu/jobposting/MsOffice"" "
" ""600"" "," ""http://www.edsa-project.eu/jobposting/Marketing"" "
" ""12"" "," ""http://www.edsa-project.eu/jobposting/Security"" "
" ""3"" "," ""http://www.edsa-project.eu/jobposting/DataAnalysis"" "
" ""12"" "," ""http://www.edsa-project.eu/jobposting/Tableau"" "
" ""11"" "," ""http://www.edsa-project.eu/jobposting/Agile"" "
" ""93"" "," ""http://www.edsa-project.eu/jobposting/BusinessIntelligence"" "
" ""16"" "," ""http://www.edsa-project.eu/jobposting/Hardware"" "
" ""1"" "," ""http://www.edsa-project.eu/jobposting/VMware"" "
" ""1"" "," ""http://www.edsa-project.eu/jobposting/HTTP"" "
" ""1"" "," ""http://www.edsa-project.eu/jobposting/Storage"" "
" ""22"" "," ""http://www.edsa-project.eu/jobposting/SPSS"" "
" ""7"" "," ""http://www.edsa-project.eu/jobposting/Cloud"" "
