" ""50"" "," ""http://www.edsa-project.eu/jobposting/SaaS"" "
" ""5"" "," ""http://www.edsa-project.eu/jobposting/Waterfall"" "
" ""1"" "," ""http://www.edsa-project.eu/jobposting/Couchbase"" "
" ""7"" "," ""http://www.edsa-project.eu/jobposting/S3"" "
" ""12628"" "," ""http://www.edsa-project.eu/jobposting/Finance"" "
" ""220"" "," ""http://www.edsa-project.eu/jobposting/CustomerSupport"" "
" ""1"" "," ""http://www.edsa-project.eu/jobposting/C+"" "
" ""6144"" "," ""http://www.edsa-project.eu/jobposting/SAS"" "
" ""2"" "," ""http://www.edsa-project.eu/jobposting/Shell"" "
" ""18"" "," ""http://www.edsa-project.eu/jobposting/DataScience"" "
" ""2"" "," ""http://www.edsa-project.eu/jobposting/Tester"" "
" ""1"" "," ""http://www.edsa-project.eu/jobposting/Storm"" "
" ""1462"" "," ""http://www.edsa-project.eu/jobposting/Monitoring"" "
" ""35"" "," ""http://www.edsa-project.eu/jobposting/UX"" "
" ""4"" "," ""http://www.edsa-project.eu/jobposting/REST"" "
" ""150"" "," ""http://www.edsa-project.eu/jobposting/Hadoop"" "
" ""837"" "," ""http://www.edsa-project.eu/jobposting/WebAnalytics"" "
" ""24910"" "," ""http://www.edsa-project.eu/jobposting/Analysis"" "
" ""152"" "," ""http://www.edsa-project.eu/jobposting/JavaScript"" "
" ""1"" "," ""http://www.edsa-project.eu/jobposting/SystemAnalysis"" "
" ""3"" "," ""http://www.edsa-project.eu/jobposting/UML"" "
" ""121"" "," ""http://www.edsa-project.eu/jobposting/DataManagement"" "
" ""1428"" "," ""http://www.edsa-project.eu/jobposting/CRM"" "
" ""19"" "," ""http://www.edsa-project.eu/jobposting/MsAccess"" "
" ""1"" "," ""http://www.edsa-project.eu/jobposting/DataVisualization"" "
" ""17"" "," ""http://www.edsa-project.eu/jobposting/LeSS"" "
" ""3"" "," ""http://www.edsa-project.eu/jobposting/PerformanceTesting"" "
" ""72"" "," ""http://www.edsa-project.eu/jobposting/Architect"" "
" ""720"" "," ""http://www.edsa-project.eu/jobposting/C"" "
" ""1"" "," ""http://www.edsa-project.eu/jobposting/Scala"" "
" ""1"" "," ""http://www.edsa-project.eu/jobposting/PLSQL"" "
" ""20272"" "," ""http://www.edsa-project.eu/jobposting/Development"" "
" ""176"" "," ""http://www.edsa-project.eu/jobposting/SharePoint"" "
" ""2"" "," ""http://www.edsa-project.eu/jobposting/Perl"" "
" ""150"" "," ""http://www.edsa-project.eu/jobposting/Automation"" "
" ""3"" "," ""http://www.edsa-project.eu/jobposting/OLAP"" "
" ""1"" "," ""http://www.edsa-project.eu/jobposting/CommandLine"" "
" ""1482"" "," ""http://www.edsa-project.eu/jobposting/Database"" "
" ""564"" "," ""http://www.edsa-project.eu/jobposting/ProjectManagement"" "
" ""120"" "," ""http://www.edsa-project.eu/jobposting/ComputerScience"" "
" ""198"" "," ""http://www.edsa-project.eu/jobposting/StatisticalAnalysis"" "
" ""72128"" "," ""http://www.edsa-project.eu/jobposting/Analyst"" "
" ""2"" "," ""http://www.edsa-project.eu/jobposting/UnitTesting"" "
" ""36"" "," ""http://www.edsa-project.eu/jobposting/MATLAB"" "
" ""15"" "," ""http://www.edsa-project.eu/jobposting/XML"" "
" ""216"" "," ""http://www.edsa-project.eu/jobposting/Python"" "
" ""1"" "," ""http://www.edsa-project.eu/jobposting/AgileProjectManagement"" "
" ""6"" "," ""http://www.edsa-project.eu/jobposting/FinTech"" "
" ""1"" "," ""http://www.edsa-project.eu/jobposting/Solaris"" "
" ""5"" "," ""http://www.edsa-project.eu/jobposting/Prototype"" "
" ""117"" "," ""http://www.edsa-project.eu/jobposting/DataWarehouse"" "
" ""3"" "," ""http://www.edsa-project.eu/jobposting/ActiveDirectory"" "
" ""8"" "," ""http://www.edsa-project.eu/jobposting/PHP"" "
" ""12"" "," ""http://www.edsa-project.eu/jobposting/Spring"" "
" ""10485"" "," ""http://www.edsa-project.eu/jobposting/Reporting"" "
" ""64"" "," ""http://www.edsa-project.eu/jobposting/EDI"" "
" ""510"" "," ""http://www.edsa-project.eu/jobposting/Programming"" "
" ""300"" "," ""http://www.edsa-project.eu/jobposting/Adobe"" "
" ""1"" "," ""http://www.edsa-project.eu/jobposting/Hibernate"" "
" ""10"" "," ""http://www.edsa-project.eu/jobposting/CVS"" "
" ""2059"" "," ""http://www.edsa-project.eu/jobposting/R"" "
" ""2"" "," ""http://www.edsa-project.eu/jobposting/VersionControl"" "
" ""4"" "," ""http://www.edsa-project.eu/jobposting/Hive"" "
" ""3"" "," ""http://www.edsa-project.eu/jobposting/Spark"" "
" ""1"" "," ""http://www.edsa-project.eu/jobposting/Git"" "
" ""189"" "," ""http://www.edsa-project.eu/jobposting/VBA"" "
" ""306"" "," ""http://www.edsa-project.eu/jobposting/MsOffice"" "
" ""1"" "," ""http://www.edsa-project.eu/jobposting/AWS"" "
" ""1"" "," ""http://www.edsa-project.eu/jobposting/Photoshop"" "
" ""2"" "," ""http://www.edsa-project.eu/jobposting/Boost"" "
" ""144"" "," ""http://www.edsa-project.eu/jobposting/Security"" "
" ""1"" "," ""http://www.edsa-project.eu/jobposting/ReportingServices"" "
" ""7"" "," ""http://www.edsa-project.eu/jobposting/T-SQL"" "
" ""57"" "," ""http://www.edsa-project.eu/jobposting/DataAnalysis"" "
" ""10"" "," ""http://www.edsa-project.eu/jobposting/Salesforce"" "
" ""1"" "," ""http://www.edsa-project.eu/jobposting/SoftwareDesign"" "
" ""198"" "," ""http://www.edsa-project.eu/jobposting/Tableau"" "
" ""1"" "," ""http://www.edsa-project.eu/jobposting/Rackspace"" "
" ""1"" "," ""http://www.edsa-project.eu/jobposting/Maven"" "
" ""572"" "," ""http://www.edsa-project.eu/jobposting/Agile"" "
" ""1798"" "," ""http://www.edsa-project.eu/jobposting/BusinessIntelligence"" "
" ""1"" "," ""http://www.edsa-project.eu/jobposting/RDBMS"" "
" ""1"" "," ""http://www.edsa-project.eu/jobposting/Scripting"" "
" ""2"" "," ""http://www.edsa-project.eu/jobposting/HTTP"" "
" ""25"" "," ""http://www.edsa-project.eu/jobposting/MachineLearning"" "
" ""21"" "," ""http://www.edsa-project.eu/jobposting/SSIS"" "
" ""1"" "," ""http://www.edsa-project.eu/jobposting/D3"" "
" ""1"" "," ""http://www.edsa-project.eu/jobposting/AmazonRedshift"" "
" ""5"" "," ""http://www.edsa-project.eu/jobposting/ProductManagement"" "
" ""2"" "," ""http://www.edsa-project.eu/jobposting/MapReduce"" "
" ""2"" "," ""http://www.edsa-project.eu/jobposting/ApacheSpark"" "
" ""1"" "," ""http://www.edsa-project.eu/jobposting/NoSQL"" "
" ""30"" "," ""http://www.edsa-project.eu/jobposting/RelationalDatabase"" "
" ""1"" "," ""http://www.edsa-project.eu/jobposting/Struts"" "
" ""735"" "," ""http://www.edsa-project.eu/jobposting/RiskManagement"" "
" ""12"" "," ""http://www.edsa-project.eu/jobposting/DataMining"" "
" ""6"" "," ""http://www.edsa-project.eu/jobposting/Swift"" "
" ""213"" "," ""http://www.edsa-project.eu/jobposting/Statistics"" "
" ""1"" "," ""http://www.edsa-project.eu/jobposting/iPad"" "
" ""2"" "," ""http://www.edsa-project.eu/jobposting/ExcelVBA"" "
" ""304"" "," ""http://www.edsa-project.eu/jobposting/BigData"" "
" ""6080"" "," ""http://www.edsa-project.eu/jobposting/Design"" "
" ""13"" "," ""http://www.edsa-project.eu/jobposting/Math"" "
" ""15"" "," ""http://www.edsa-project.eu/jobposting/GIS"" "
" ""24"" "," ""http://www.edsa-project.eu/jobposting/Networking"" "
" ""1"" "," ""http://www.edsa-project.eu/jobposting/DataDriven"" "
" ""4"" "," ""http://www.edsa-project.eu/jobposting/Unix"" "
" ""2"" "," ""http://www.edsa-project.eu/jobposting/JADE"" "
" ""1"" "," ""http://www.edsa-project.eu/jobposting/Android"" "
" ""1552"" "," ""http://www.edsa-project.eu/jobposting/Assurance"" "
" ""21"" "," ""http://www.edsa-project.eu/jobposting/jQuery"" "
" ""3"" "," ""http://www.edsa-project.eu/jobposting/TCP"" "
" ""36"" "," ""http://www.edsa-project.eu/jobposting/Java"" "
" ""1"" "," ""http://www.edsa-project.eu/jobposting/Pig"" "
" ""5"" "," ""http://www.edsa-project.eu/jobposting/BusinessAnalytic"" "
" ""666"" "," ""http://www.edsa-project.eu/jobposting/Developer"" "
" ""51"" "," ""http://www.edsa-project.eu/jobposting/HTML"" "
" ""3"" "," ""http://www.edsa-project.eu/jobposting/MySQL"" "
" ""1"" "," ""http://www.edsa-project.eu/jobposting/Cassandra"" "
" ""24"" "," ""http://www.edsa-project.eu/jobposting/C++"" "
" ""3"" "," ""http://www.edsa-project.eu/jobposting/Cisco"" "
" ""9"" "," ""http://www.edsa-project.eu/jobposting/CSS"" "
" ""9"" "," ""http://www.edsa-project.eu/jobposting/RelationalDatabases"" "
" ""30"" "," ""http://www.edsa-project.eu/jobposting/SSRS"" "
" ""2"" "," ""http://www.edsa-project.eu/jobposting/Confluence"" "
" ""12994"" "," ""http://www.edsa-project.eu/jobposting/Analytics"" "
" ""1"" "," ""http://www.edsa-project.eu/jobposting/SystemAdministration"" "
" ""4"" "," ""http://www.edsa-project.eu/jobposting/DatabaseDesign"" "
" ""9400"" "," ""http://www.edsa-project.eu/jobposting/Analytic"" "
" ""1"" "," ""http://www.edsa-project.eu/jobposting/GAAP"" "
" ""2"" "," ""http://www.edsa-project.eu/jobposting/Elasticsearch"" "
" ""3"" "," ""http://www.edsa-project.eu/jobposting/DisasterRecovery"" "
" ""462"" "," ""http://www.edsa-project.eu/jobposting/GO"" "
" ""15"" "," ""http://www.edsa-project.eu/jobposting/Pentaho"" "
" ""12"" "," ""http://www.edsa-project.eu/jobposting/React"" "
" ""2"" "," ""http://www.edsa-project.eu/jobposting/BuildAutomation"" "
" ""60"" "," ""http://www.edsa-project.eu/jobposting/Windows"" "
" ""36"" "," ""http://www.edsa-project.eu/jobposting/Visio"" "
" ""3570"" "," ""http://www.edsa-project.eu/jobposting/Excel"" "
" ""56"" "," ""http://www.edsa-project.eu/jobposting/Scrum"" "
" ""147"" "," ""http://www.edsa-project.eu/jobposting/Oracle"" "
" ""1"" "," ""http://www.edsa-project.eu/jobposting/Pyramid"" "
" ""90"" "," ""http://www.edsa-project.eu/jobposting/Modeling"" "
" ""6"" "," ""http://www.edsa-project.eu/jobposting/Visualization"" "
" ""2"" "," ""http://www.edsa-project.eu/jobposting/SoftwareEngineering"" "
" ""96"" "," ""http://www.edsa-project.eu/jobposting/BusinessObjects"" "
" ""1755"" "," ""http://www.edsa-project.eu/jobposting/Network"" "
" ""1"" "," ""http://www.edsa-project.eu/jobposting/PenetrationTesting"" "
" ""2"" "," ""http://www.edsa-project.eu/jobposting/Jira"" "
" ""2"" "," ""http://www.edsa-project.eu/jobposting/Wave"" "
" ""3"" "," ""http://www.edsa-project.eu/jobposting/.Net"" "
" ""1"" "," ""http://www.edsa-project.eu/jobposting/SDK"" "
" ""1"" "," ""http://www.edsa-project.eu/jobposting/Azure"" "
" ""2"" "," ""http://www.edsa-project.eu/jobposting/Wordpress"" "
" ""144"" "," ""http://www.edsa-project.eu/jobposting/Tools"" "
" ""6948"" "," ""http://www.edsa-project.eu/jobposting/SQL"" "
" ""15"" "," ""http://www.edsa-project.eu/jobposting/PeopleSoft"" "
" ""3"" "," ""http://www.edsa-project.eu/jobposting/ARM"" "
" ""25200"" "," ""http://www.edsa-project.eu/jobposting/Marketing"" "
" ""3"" "," ""http://www.edsa-project.eu/jobposting/IPhone"" "
" ""12"" "," ""http://www.edsa-project.eu/jobposting/API"" "
" ""30"" "," ""http://www.edsa-project.eu/jobposting/Hudson"" "
" ""4"" "," ""http://www.edsa-project.eu/jobposting/PCI"" "
" ""6"" "," ""http://www.edsa-project.eu/jobposting/Hybris"" "
" ""30"" "," ""http://www.edsa-project.eu/jobposting/SoftwareDevelopment"" "
" ""1"" "," ""http://www.edsa-project.eu/jobposting/PostGIS"" "
" ""1"" "," ""http://www.edsa-project.eu/jobposting/FrontEnd"" "
" ""4"" "," ""http://www.edsa-project.eu/jobposting/DataConversion"" "
" ""2"" "," ""http://www.edsa-project.eu/jobposting/UserInterface"" "
" ""64"" "," ""http://www.edsa-project.eu/jobposting/Hardware"" "
" ""2"" "," ""http://www.edsa-project.eu/jobposting/Linux"" "
" ""250"" "," ""http://www.edsa-project.eu/jobposting/Administrator"" "
" ""1"" "," ""http://www.edsa-project.eu/jobposting/MongoDB"" "
" ""2"" "," ""http://www.edsa-project.eu/jobposting/Troubleshooting"" "
" ""6"" "," ""http://www.edsa-project.eu/jobposting/ERP"" "
" ""192"" "," ""http://www.edsa-project.eu/jobposting/ETL"" "
" ""4"" "," ""http://www.edsa-project.eu/jobposting/OracleSQL"" "
" ""8"" "," ""http://www.edsa-project.eu/jobposting/Storage"" "
" ""594"" "," ""http://www.edsa-project.eu/jobposting/SPSS"" "
" ""1"" "," ""http://www.edsa-project.eu/jobposting/UI"" "
" ""1"" "," ""http://www.edsa-project.eu/jobposting/PciDss"" "
" ""56"" "," ""http://www.edsa-project.eu/jobposting/Cloud"" "
