" ""12"" "," ""http://www.edsa-project.eu/jobposting/Statistics"" "
" ""16"" "," ""http://www.edsa-project.eu/jobposting/BigData"" "
" ""288"" "," ""http://www.edsa-project.eu/jobposting/Design"" "
" ""574"" "," ""http://www.edsa-project.eu/jobposting/Finance"" "
" ""20"" "," ""http://www.edsa-project.eu/jobposting/CustomerSupport"" "
" ""3"" "," ""http://www.edsa-project.eu/jobposting/Networking"" "
" ""192"" "," ""http://www.edsa-project.eu/jobposting/SAS"" "
" ""32"" "," ""http://www.edsa-project.eu/jobposting/Assurance"" "
" ""68"" "," ""http://www.edsa-project.eu/jobposting/Monitoring"" "
" ""5"" "," ""http://www.edsa-project.eu/jobposting/UX"" "
" ""1"" "," ""http://www.edsa-project.eu/jobposting/BusinessAnalytic"" "
" ""10"" "," ""http://www.edsa-project.eu/jobposting/Hadoop"" "
" ""1"" "," ""http://www.edsa-project.eu/jobposting/Pig"" "
" ""36"" "," ""http://www.edsa-project.eu/jobposting/Developer"" "
" ""3"" "," ""http://www.edsa-project.eu/jobposting/HTML"" "
" ""1060"" "," ""http://www.edsa-project.eu/jobposting/Analysis"" "
" ""8"" "," ""http://www.edsa-project.eu/jobposting/JavaScript"" "
" ""4"" "," ""http://www.edsa-project.eu/jobposting/C++"" "
" ""68"" "," ""http://www.edsa-project.eu/jobposting/CRM"" "
" ""219"" "," ""http://www.edsa-project.eu/jobposting/Analytics"" "
" ""1"" "," ""http://www.edsa-project.eu/jobposting/PerformanceTesting"" "
" ""1"" "," ""http://www.edsa-project.eu/jobposting/LeSS"" "
" ""9"" "," ""http://www.edsa-project.eu/jobposting/Architect"" "
" ""282"" "," ""http://www.edsa-project.eu/jobposting/Analytic"" "
" ""40"" "," ""http://www.edsa-project.eu/jobposting/C"" "
" ""840"" "," ""http://www.edsa-project.eu/jobposting/Development"" "
" ""18"" "," ""http://www.edsa-project.eu/jobposting/GO"" "
" ""12"" "," ""http://www.edsa-project.eu/jobposting/Windows"" "
" ""2"" "," ""http://www.edsa-project.eu/jobposting/Visio"" "
" ""130"" "," ""http://www.edsa-project.eu/jobposting/Excel"" "
" ""8"" "," ""http://www.edsa-project.eu/jobposting/Scrum"" "
" ""14"" "," ""http://www.edsa-project.eu/jobposting/Oracle"" "
" ""10"" "," ""http://www.edsa-project.eu/jobposting/Modeling"" "
" ""42"" "," ""http://www.edsa-project.eu/jobposting/ProjectManagement"" "
" ""65"" "," ""http://www.edsa-project.eu/jobposting/Database"" "
" ""6"" "," ""http://www.edsa-project.eu/jobposting/StatisticalAnalysis"" "
" ""2940"" "," ""http://www.edsa-project.eu/jobposting/Analyst"" "
" ""4"" "," ""http://www.edsa-project.eu/jobposting/MATLAB"" "
" ""6"" "," ""http://www.edsa-project.eu/jobposting/BusinessObjects"" "
" ""24"" "," ""http://www.edsa-project.eu/jobposting/Python"" "
" ""81"" "," ""http://www.edsa-project.eu/jobposting/Network"" "
" ""1"" "," ""http://www.edsa-project.eu/jobposting/Prototype"" "
" ""9"" "," ""http://www.edsa-project.eu/jobposting/DataWarehouse"" "
" ""450"" "," ""http://www.edsa-project.eu/jobposting/Reporting"" "
" ""20"" "," ""http://www.edsa-project.eu/jobposting/Programming"" "
" ""1"" "," ""http://www.edsa-project.eu/jobposting/Indexing"" "
" ""180"" "," ""http://www.edsa-project.eu/jobposting/SQL"" "
" ""2"" "," ""http://www.edsa-project.eu/jobposting/CVS"" "
" ""116"" "," ""http://www.edsa-project.eu/jobposting/R"" "
" ""1"" "," ""http://www.edsa-project.eu/jobposting/VersionControl"" "
" ""1"" "," ""http://www.edsa-project.eu/jobposting/Hive"" "
" ""9"" "," ""http://www.edsa-project.eu/jobposting/VBA"" "
" ""18"" "," ""http://www.edsa-project.eu/jobposting/MsOffice"" "
" ""600"" "," ""http://www.edsa-project.eu/jobposting/Marketing"" "
" ""18"" "," ""http://www.edsa-project.eu/jobposting/Security"" "
" ""6"" "," ""http://www.edsa-project.eu/jobposting/DataAnalysis"" "
" ""12"" "," ""http://www.edsa-project.eu/jobposting/Tableau"" "
" ""11"" "," ""http://www.edsa-project.eu/jobposting/Agile"" "
" ""93"" "," ""http://www.edsa-project.eu/jobposting/BusinessIntelligence"" "
" ""16"" "," ""http://www.edsa-project.eu/jobposting/Hardware"" "
" ""1"" "," ""http://www.edsa-project.eu/jobposting/VMware"" "
" ""1"" "," ""http://www.edsa-project.eu/jobposting/HTTP"" "
" ""10"" "," ""http://www.edsa-project.eu/jobposting/Administrator"" "
" ""1"" "," ""http://www.edsa-project.eu/jobposting/Storage"" "
" ""22"" "," ""http://www.edsa-project.eu/jobposting/SPSS"" "
" ""15"" "," ""http://www.edsa-project.eu/jobposting/RiskManagement"" "
" ""7"" "," ""http://www.edsa-project.eu/jobposting/Cloud"" "
