" ""3"" "," ""http://www.edsa-project.eu/jobposting/Statistics"" "
" ""64"" "," ""http://www.edsa-project.eu/jobposting/Design"" "
" ""164"" "," ""http://www.edsa-project.eu/jobposting/Finance"" "
" ""135"" "," ""http://www.edsa-project.eu/jobposting/Reporting"" "
" ""48"" "," ""http://www.edsa-project.eu/jobposting/SAS"" "
" ""17"" "," ""http://www.edsa-project.eu/jobposting/Monitoring"" "
" ""10"" "," ""http://www.edsa-project.eu/jobposting/Programming"" "
" ""72"" "," ""http://www.edsa-project.eu/jobposting/SQL"" "
" ""18"" "," ""http://www.edsa-project.eu/jobposting/Developer"" "
" ""265"" "," ""http://www.edsa-project.eu/jobposting/Analysis"" "
" ""4"" "," ""http://www.edsa-project.eu/jobposting/C++"" "
" ""3"" "," ""http://www.edsa-project.eu/jobposting/VBA"" "
" ""6"" "," ""http://www.edsa-project.eu/jobposting/MsOffice"" "
" ""6"" "," ""http://www.edsa-project.eu/jobposting/Security"" "
" ""1"" "," ""http://www.edsa-project.eu/jobposting/PerformanceTesting"" "
" ""94"" "," ""http://www.edsa-project.eu/jobposting/Analytic"" "
" ""3"" "," ""http://www.edsa-project.eu/jobposting/DataAnalysis"" "
" ""112"" "," ""http://www.edsa-project.eu/jobposting/Development"" "
" ""6"" "," ""http://www.edsa-project.eu/jobposting/GO"" "
" ""1"" "," ""http://www.edsa-project.eu/jobposting/Visio"" "
" ""30"" "," ""http://www.edsa-project.eu/jobposting/Excel"" "
" ""10"" "," ""http://www.edsa-project.eu/jobposting/Administrator"" "
" ""10"" "," ""http://www.edsa-project.eu/jobposting/Modeling"" "
" ""12"" "," ""http://www.edsa-project.eu/jobposting/ProjectManagement"" "
" ""26"" "," ""http://www.edsa-project.eu/jobposting/Database"" "
" ""490"" "," ""http://www.edsa-project.eu/jobposting/Analyst"" "
" ""15"" "," ""http://www.edsa-project.eu/jobposting/RiskManagement"" "
" ""12"" "," ""http://www.edsa-project.eu/jobposting/Python"" "
