" ""10"" "," ""http://www.edsa-project.eu/jobposting/SaaS"" "
" ""2"" "," ""http://www.edsa-project.eu/jobposting/Waterfall"" "
" ""1"" "," ""http://www.edsa-project.eu/jobposting/Couchbase"" "
" ""3"" "," ""http://www.edsa-project.eu/jobposting/S3"" "
" ""5330"" "," ""http://www.edsa-project.eu/jobposting/Finance"" "
" ""70"" "," ""http://www.edsa-project.eu/jobposting/CustomerSupport"" "
" ""1"" "," ""http://www.edsa-project.eu/jobposting/C+"" "
" ""2928"" "," ""http://www.edsa-project.eu/jobposting/SAS"" "
" ""1"" "," ""http://www.edsa-project.eu/jobposting/Shell"" "
" ""6"" "," ""http://www.edsa-project.eu/jobposting/DataScience"" "
" ""544"" "," ""http://www.edsa-project.eu/jobposting/Monitoring"" "
" ""10"" "," ""http://www.edsa-project.eu/jobposting/UX"" "
" ""2"" "," ""http://www.edsa-project.eu/jobposting/REST"" "
" ""70"" "," ""http://www.edsa-project.eu/jobposting/Hadoop"" "
" ""297"" "," ""http://www.edsa-project.eu/jobposting/WebAnalytics"" "
" ""8533"" "," ""http://www.edsa-project.eu/jobposting/Analysis"" "
" ""48"" "," ""http://www.edsa-project.eu/jobposting/JavaScript"" "
" ""2"" "," ""http://www.edsa-project.eu/jobposting/UML"" "
" ""44"" "," ""http://www.edsa-project.eu/jobposting/DataManagement"" "
" ""680"" "," ""http://www.edsa-project.eu/jobposting/CRM"" "
" ""5"" "," ""http://www.edsa-project.eu/jobposting/MsAccess"" "
" ""1"" "," ""http://www.edsa-project.eu/jobposting/DataVisualization"" "
" ""6"" "," ""http://www.edsa-project.eu/jobposting/LeSS"" "
" ""1"" "," ""http://www.edsa-project.eu/jobposting/PerformanceTesting"" "
" ""45"" "," ""http://www.edsa-project.eu/jobposting/Architect"" "
" ""230"" "," ""http://www.edsa-project.eu/jobposting/C"" "
" ""7280"" "," ""http://www.edsa-project.eu/jobposting/Development"" "
" ""80"" "," ""http://www.edsa-project.eu/jobposting/SharePoint"" "
" ""42"" "," ""http://www.edsa-project.eu/jobposting/Automation"" "
" ""2"" "," ""http://www.edsa-project.eu/jobposting/OLAP"" "
" ""1"" "," ""http://www.edsa-project.eu/jobposting/CommandLine"" "
" ""455"" "," ""http://www.edsa-project.eu/jobposting/Database"" "
" ""228"" "," ""http://www.edsa-project.eu/jobposting/ProjectManagement"" "
" ""48"" "," ""http://www.edsa-project.eu/jobposting/ComputerScience"" "
" ""78"" "," ""http://www.edsa-project.eu/jobposting/StatisticalAnalysis"" "
" ""26950"" "," ""http://www.edsa-project.eu/jobposting/Analyst"" "
" ""2"" "," ""http://www.edsa-project.eu/jobposting/UnitTesting"" "
" ""20"" "," ""http://www.edsa-project.eu/jobposting/MATLAB"" "
" ""9"" "," ""http://www.edsa-project.eu/jobposting/XML"" "
" ""36"" "," ""http://www.edsa-project.eu/jobposting/Python"" "
" ""1"" "," ""http://www.edsa-project.eu/jobposting/AgileProjectManagement"" "
" ""3"" "," ""http://www.edsa-project.eu/jobposting/FinTech"" "
" ""1"" "," ""http://www.edsa-project.eu/jobposting/Solaris"" "
" ""2"" "," ""http://www.edsa-project.eu/jobposting/Prototype"" "
" ""54"" "," ""http://www.edsa-project.eu/jobposting/DataWarehouse"" "
" ""2"" "," ""http://www.edsa-project.eu/jobposting/ActiveDirectory"" "
" ""4"" "," ""http://www.edsa-project.eu/jobposting/PHP"" "
" ""8"" "," ""http://www.edsa-project.eu/jobposting/Spring"" "
" ""3825"" "," ""http://www.edsa-project.eu/jobposting/Reporting"" "
" ""20"" "," ""http://www.edsa-project.eu/jobposting/EDI"" "
" ""190"" "," ""http://www.edsa-project.eu/jobposting/Programming"" "
" ""100"" "," ""http://www.edsa-project.eu/jobposting/Adobe"" "
" ""5"" "," ""http://www.edsa-project.eu/jobposting/CVS"" "
" ""870"" "," ""http://www.edsa-project.eu/jobposting/R"" "
" ""1"" "," ""http://www.edsa-project.eu/jobposting/VersionControl"" "
" ""2"" "," ""http://www.edsa-project.eu/jobposting/Hive"" "
" ""78"" "," ""http://www.edsa-project.eu/jobposting/VBA"" "
" ""144"" "," ""http://www.edsa-project.eu/jobposting/MsOffice"" "
" ""1"" "," ""http://www.edsa-project.eu/jobposting/Photoshop"" "
" ""1"" "," ""http://www.edsa-project.eu/jobposting/Boost"" "
" ""36"" "," ""http://www.edsa-project.eu/jobposting/Security"" "
" ""1"" "," ""http://www.edsa-project.eu/jobposting/ReportingServices"" "
" ""1"" "," ""http://www.edsa-project.eu/jobposting/T-SQL"" "
" ""24"" "," ""http://www.edsa-project.eu/jobposting/DataAnalysis"" "
" ""2"" "," ""http://www.edsa-project.eu/jobposting/Salesforce"" "
" ""1"" "," ""http://www.edsa-project.eu/jobposting/SoftwareDesign"" "
" ""90"" "," ""http://www.edsa-project.eu/jobposting/Tableau"" "
" ""143"" "," ""http://www.edsa-project.eu/jobposting/Agile"" "
" ""837"" "," ""http://www.edsa-project.eu/jobposting/BusinessIntelligence"" "
" ""1"" "," ""http://www.edsa-project.eu/jobposting/RDBMS"" "
" ""2"" "," ""http://www.edsa-project.eu/jobposting/HTTP"" "
" ""15"" "," ""http://www.edsa-project.eu/jobposting/MachineLearning"" "
" ""9"" "," ""http://www.edsa-project.eu/jobposting/SSIS"" "
" ""1"" "," ""http://www.edsa-project.eu/jobposting/D3"" "
" ""2"" "," ""http://www.edsa-project.eu/jobposting/ProductManagement"" "
" ""2"" "," ""http://www.edsa-project.eu/jobposting/MapReduce"" "
" ""1"" "," ""http://www.edsa-project.eu/jobposting/ApacheSpark"" "
" ""1"" "," ""http://www.edsa-project.eu/jobposting/NoSQL"" "
" ""15"" "," ""http://www.edsa-project.eu/jobposting/RelationalDatabase"" "
" ""210"" "," ""http://www.edsa-project.eu/jobposting/RiskManagement"" "
" ""3"" "," ""http://www.edsa-project.eu/jobposting/DataMining"" "
" ""3"" "," ""http://www.edsa-project.eu/jobposting/Swift"" "
" ""93"" "," ""http://www.edsa-project.eu/jobposting/Statistics"" "
" ""1"" "," ""http://www.edsa-project.eu/jobposting/iPad"" "
" ""112"" "," ""http://www.edsa-project.eu/jobposting/BigData"" "
" ""2528"" "," ""http://www.edsa-project.eu/jobposting/Design"" "
" ""6"" "," ""http://www.edsa-project.eu/jobposting/Math"" "
" ""3"" "," ""http://www.edsa-project.eu/jobposting/GIS"" "
" ""3"" "," ""http://www.edsa-project.eu/jobposting/Networking"" "
" ""1"" "," ""http://www.edsa-project.eu/jobposting/DataDriven"" "
" ""1"" "," ""http://www.edsa-project.eu/jobposting/Unix"" "
" ""464"" "," ""http://www.edsa-project.eu/jobposting/Assurance"" "
" ""12"" "," ""http://www.edsa-project.eu/jobposting/jQuery"" "
" ""2"" "," ""http://www.edsa-project.eu/jobposting/TCP"" "
" ""9"" "," ""http://www.edsa-project.eu/jobposting/Java"" "
" ""1"" "," ""http://www.edsa-project.eu/jobposting/Pig"" "
" ""3"" "," ""http://www.edsa-project.eu/jobposting/BusinessAnalytic"" "
" ""216"" "," ""http://www.edsa-project.eu/jobposting/Developer"" "
" ""15"" "," ""http://www.edsa-project.eu/jobposting/HTML"" "
" ""2"" "," ""http://www.edsa-project.eu/jobposting/MySQL"" "
" ""1"" "," ""http://www.edsa-project.eu/jobposting/Cassandra"" "
" ""12"" "," ""http://www.edsa-project.eu/jobposting/C++"" "
" ""1"" "," ""http://www.edsa-project.eu/jobposting/Cisco"" "
" ""3"" "," ""http://www.edsa-project.eu/jobposting/CSS"" "
" ""9"" "," ""http://www.edsa-project.eu/jobposting/SSRS"" "
" ""4964"" "," ""http://www.edsa-project.eu/jobposting/Analytics"" "
" ""3"" "," ""http://www.edsa-project.eu/jobposting/DatabaseDesign"" "
" ""3384"" "," ""http://www.edsa-project.eu/jobposting/Analytic"" "
" ""1"" "," ""http://www.edsa-project.eu/jobposting/GAAP"" "
" ""180"" "," ""http://www.edsa-project.eu/jobposting/GO"" "
" ""12"" "," ""http://www.edsa-project.eu/jobposting/Pentaho"" "
" ""3"" "," ""http://www.edsa-project.eu/jobposting/React"" "
" ""36"" "," ""http://www.edsa-project.eu/jobposting/Windows"" "
" ""15"" "," ""http://www.edsa-project.eu/jobposting/Visio"" "
" ""1210"" "," ""http://www.edsa-project.eu/jobposting/Excel"" "
" ""16"" "," ""http://www.edsa-project.eu/jobposting/Scrum"" "
" ""49"" "," ""http://www.edsa-project.eu/jobposting/Oracle"" "
" ""60"" "," ""http://www.edsa-project.eu/jobposting/Modeling"" "
" ""1"" "," ""http://www.edsa-project.eu/jobposting/Visualization"" "
" ""2"" "," ""http://www.edsa-project.eu/jobposting/SoftwareEngineering"" "
" ""48"" "," ""http://www.edsa-project.eu/jobposting/BusinessObjects"" "
" ""567"" "," ""http://www.edsa-project.eu/jobposting/Network"" "
" ""1"" "," ""http://www.edsa-project.eu/jobposting/.Net"" "
" ""1"" "," ""http://www.edsa-project.eu/jobposting/SDK"" "
" ""72"" "," ""http://www.edsa-project.eu/jobposting/Tools"" "
" ""2736"" "," ""http://www.edsa-project.eu/jobposting/SQL"" "
" ""5"" "," ""http://www.edsa-project.eu/jobposting/PeopleSoft"" "
" ""3"" "," ""http://www.edsa-project.eu/jobposting/ARM"" "
" ""10560"" "," ""http://www.edsa-project.eu/jobposting/Marketing"" "
" ""9"" "," ""http://www.edsa-project.eu/jobposting/API"" "
" ""5"" "," ""http://www.edsa-project.eu/jobposting/Hudson"" "
" ""9"" "," ""http://www.edsa-project.eu/jobposting/SoftwareDevelopment"" "
" ""4"" "," ""http://www.edsa-project.eu/jobposting/DataConversion"" "
" ""2"" "," ""http://www.edsa-project.eu/jobposting/UserInterface"" "
" ""24"" "," ""http://www.edsa-project.eu/jobposting/Hardware"" "
" ""170"" "," ""http://www.edsa-project.eu/jobposting/Administrator"" "
" ""1"" "," ""http://www.edsa-project.eu/jobposting/Troubleshooting"" "
" ""96"" "," ""http://www.edsa-project.eu/jobposting/ETL"" "
" ""264"" "," ""http://www.edsa-project.eu/jobposting/SPSS"" "
" ""1"" "," ""http://www.edsa-project.eu/jobposting/UI"" "
" ""21"" "," ""http://www.edsa-project.eu/jobposting/Cloud"" "
